assetId,localFilename,assetStatus,subject,depthZone,sourceOrganization,originalUrl,assetPageUrl,directDownloadUrl,rightsBasis,attributionRequired,requiredCreditText,commercialUseAllowed,modificationAllowed,licenseCheckedDate,downloadDate,fileSha256,writtenPermissionPath,videosUsedIn,notes
original-thumbnail-svg-01,production/thumbnails/svg/01-why-deep-sea-creatures-look-so-weird.svg,approved,thumbnail-source,multi-zone,Deep Sea Authority Engine,,,,Original repository-generated media created for this project,False,,True,True,2026-07-30,2026-07-30,a574540db1b24b22bcedc723e085b2db888cb4915ac0892fe0ad8d20eaadf4ee,,why-deep-sea-creatures-look-so-weird,No external recording or sampled media.
original-thumbnail-png-01,production/thumbnails/png/01-why-deep-sea-creatures-look-so-weird.png,approved,thumbnail-render,multi-zone,Deep Sea Authority Engine,,,,Original repository-generated media created for this project,False,,True,True,2026-07-30,2026-07-30,0a76ac2941e177731f8bb89b2cfc18cace8a05789d49726809bdc5801bbfbfb1,,why-deep-sea-creatures-look-so-weird,No external recording or sampled media.
original-broll-01,production/broll/original/01-why-deep-sea-creatures-look-so-weird.mp4,approved,motion-background,multi-zone,Deep Sea Authority Engine,,,,Original repository-generated media created for this project,False,,True,True,2026-07-30,2026-07-30,2cb78dba0e386c087620d252c3cf392aad608cf0ffcd469348a13089d2fe90b9,,why-deep-sea-creatures-look-so-weird,No external recording or sampled media.
original-thumbnail-svg-02,production/thumbnails/svg/02-how-deep-sea-creatures-survive-pressure.svg,approved,thumbnail-source,multi-zone,Deep Sea Authority Engine,,,,Original repository-generated media created for this project,False,,True,True,2026-07-30,2026-07-30,76a70f64f47769ba7145b025d49d4d33437ab8a514908af5fbf9a3bdabeb651b,,how-deep-sea-creatures-survive-pressure,No external recording or sampled media.
original-thumbnail-png-02,production/thumbnails/png/02-how-deep-sea-creatures-survive-pressure.png,approved,thumbnail-render,multi-zone,Deep Sea Authority Engine,,,,Original repository-generated media created for this project,False,,True,True,2026-07-30,2026-07-30,53af9f48faec3a37b0dbbfebe75871d35924906d8cd7da98a7eaafd913c4334f,,how-deep-sea-creatures-survive-pressure,No external recording or sampled media.
original-broll-02,production/broll/original/02-how-deep-sea-creatures-survive-pressure.mp4,approved,motion-background,multi-zone,Deep Sea Authority Engine,,,,Original repository-generated media created for this project,False,,True,True,2026-07-30,2026-07-30,9eab510bb079e29b70a390c98e36026d0702673d09832f0f7bcb7ddf8adb1ded,,how-deep-sea-creatures-survive-pressure,No external recording or sampled media.
original-thumbnail-svg-03,production/thumbnails/svg/03-why-deep-sea-creatures-are-surfacing.svg,approved,thumbnail-source,multi-zone,Deep Sea Authority Engine,,,,Original repository-generated media created for this project,False,,True,True,2026-07-30,2026-07-30,e8b1b298875a0ed488d13e9edae5bb2fb6d58d3fc7256b4d02a3bf04b390e469,,why-deep-sea-creatures-are-surfacing,No external recording or sampled media.
original-thumbnail-png-03,production/thumbnails/png/03-why-deep-sea-creatures-are-surfacing.png,approved,thumbnail-render,multi-zone,Deep Sea Authority Engine,,,,Original repository-generated media created for this project,False,,True,True,2026-07-30,2026-07-30,2ffb0b5c8ec720cd22efce030bac7a623c241704ba1a6120a2f1e48156ac54be,,why-deep-sea-creatures-are-surfacing,No external recording or sampled media.
original-broll-03,production/broll/original/03-why-deep-sea-creatures-are-surfacing.mp4,approved,motion-background,multi-zone,Deep Sea Authority Engine,,,,Original repository-generated media created for this project,False,,True,True,2026-07-30,2026-07-30,50d1201dfd5ef7261f168363196a79b9cbf536248e0109ee5b8af9bb368468c1,,why-deep-sea-creatures-are-surfacing,No external recording or sampled media.
original-thumbnail-svg-04,production/thumbnails/svg/04-why-deep-sea-creatures-are-so-scary.svg,approved,thumbnail-source,multi-zone,Deep Sea Authority Engine,,,,Original repository-generated media created for this project,False,,True,True,2026-07-30,2026-07-30,526c43c4cfcc805fe800f901baa68ea90aa423d4825b56a4c719a3aa5bb88651,,why-deep-sea-creatures-are-so-scary,No external recording or sampled media.
original-thumbnail-png-04,production/thumbnails/png/04-why-deep-sea-creatures-are-so-scary.png,approved,thumbnail-render,multi-zone,Deep Sea Authority Engine,,,,Original repository-generated media created for this project,False,,True,True,2026-07-30,2026-07-30,2e9605f5a488476daf5348e6e1e24b55c4b588d6d409ca71456dae7775807c43,,why-deep-sea-creatures-are-so-scary,No external recording or sampled media.
original-broll-04,production/broll/original/04-why-deep-sea-creatures-are-so-scary.mp4,approved,motion-background,multi-zone,Deep Sea Authority Engine,,,,Original repository-generated media created for this project,False,,True,True,2026-07-30,2026-07-30,9b92bf4a2f759b1bee9d80ff2c1bc231818f9156d7316d76648e774cb3ea0355,,why-deep-sea-creatures-are-so-scary,No external recording or sampled media.
original-thumbnail-svg-05,production/thumbnails/svg/05-why-many-deep-sea-creatures-are-red.svg,approved,thumbnail-source,multi-zone,Deep Sea Authority Engine,,,,Original repository-generated media created for this project,False,,True,True,2026-07-30,2026-07-30,fc2ece1d8d4c8bb0dd32325b56d291717bcd6124f66d4ec78da1ad57fda385b3,,why-many-deep-sea-creatures-are-red,No external recording or sampled media.
original-thumbnail-png-05,production/thumbnails/png/05-why-many-deep-sea-creatures-are-red.png,approved,thumbnail-render,multi-zone,Deep Sea Authority Engine,,,,Original repository-generated media created for this project,False,,True,True,2026-07-30,2026-07-30,16d6a5b82184101981e2d9e14f7592805fe08051b75fea3bb94b9ab77a266dec,,why-many-deep-sea-creatures-are-red,No external recording or sampled media.
original-broll-05,production/broll/original/05-why-many-deep-sea-creatures-are-red.mp4,approved,motion-background,multi-zone,Deep Sea Authority Engine,,,,Original repository-generated media created for this project,False,,True,True,2026-07-30,2026-07-30,32ae65f39a51a9c7e684d1c1069a1ec76b47f515359d035c36f8793e5cc12f8a,,why-many-deep-sea-creatures-are-red,No external recording or sampled media.
original-thumbnail-svg-06,production/thumbnails/svg/06-why-some-deep-sea-creatures-are-transparent.svg,approved,thumbnail-source,multi-zone,Deep Sea Authority Engine,,,,Original repository-generated media created for this project,False,,True,True,2026-07-30,2026-07-30,50e9284b7851450cf880f157305206d008971fbe4ac3a3d4b8a6d02490c728b0,,why-some-deep-sea-creatures-are-transparent,No external recording or sampled media.
original-thumbnail-png-06,production/thumbnails/png/06-why-some-deep-sea-creatures-are-transparent.png,approved,thumbnail-render,multi-zone,Deep Sea Authority Engine,,,,Original repository-generated media created for this project,False,,True,True,2026-07-30,2026-07-30,060c7e3fad7b34cdcdb80a63bd3f201eabfe89b9aa3440c55e7f4ab50dd7e82c,,why-some-deep-sea-creatures-are-transparent,No external recording or sampled media.
original-broll-06,production/broll/original/06-why-some-deep-sea-creatures-are-transparent.mp4,approved,motion-background,multi-zone,Deep Sea Authority Engine,,,,Original repository-generated media created for this project,False,,True,True,2026-07-30,2026-07-30,9cc23c9606a11e52bf282c7eb2e1f234d9345736255bf1882ebfac87ca7a3515,,why-some-deep-sea-creatures-are-transparent,No external recording or sampled media.
original-thumbnail-svg-07,production/thumbnails/svg/07-why-deep-sea-creatures-get-creepier-deeper.svg,approved,thumbnail-source,multi-zone,Deep Sea Authority Engine,,,,Original repository-generated media created for this project,False,,True,True,2026-07-30,2026-07-30,e05d440410f131ff3677fa4d98f93364329d5a69a33ebf7de5dc3f7cb1b4f6d3,,why-deep-sea-creatures-get-creepier-deeper,No external recording or sampled media.
original-thumbnail-png-07,production/thumbnails/png/07-why-deep-sea-creatures-get-creepier-deeper.png,approved,thumbnail-render,multi-zone,Deep Sea Authority Engine,,,,Original repository-generated media created for this project,False,,True,True,2026-07-30,2026-07-30,e71b98f8cc964fbb1a88852b090b0ad5c91b8081418c0df56bf294f80d02dcd0,,why-deep-sea-creatures-get-creepier-deeper,No external recording or sampled media.
original-broll-07,production/broll/original/07-why-deep-sea-creatures-get-creepier-deeper.mp4,approved,motion-background,multi-zone,Deep Sea Authority Engine,,,,Original repository-generated media created for this project,False,,True,True,2026-07-30,2026-07-30,3c4f2bb1449431ce556e30f7dbc316a9a779b2988664bd6c7ecb99900b32adfc,,why-deep-sea-creatures-get-creepier-deeper,No external recording or sampled media.
original-thumbnail-svg-08,production/thumbnails/svg/08-what-creatures-live-in-the-deep-sea.svg,approved,thumbnail-source,multi-zone,Deep Sea Authority Engine,,,,Original repository-generated media created for this project,False,,True,True,2026-07-30,2026-07-30,cfea0ecaf38c6b4e03f74fcaac967634ecdbee09c1a5d4b107808aa28de9ff41,,what-creatures-live-in-the-deep-sea,No external recording or sampled media.
original-thumbnail-png-08,production/thumbnails/png/08-what-creatures-live-in-the-deep-sea.png,approved,thumbnail-render,multi-zone,Deep Sea Authority Engine,,,,Original repository-generated media created for this project,False,,True,True,2026-07-30,2026-07-30,f6246804f4a439a02a661db4c45cc2289e88bc00eaf9aea2563057f45ab49b08,,what-creatures-live-in-the-deep-sea,No external recording or sampled media.
original-broll-08,production/broll/original/08-what-creatures-live-in-the-deep-sea.mp4,approved,motion-background,multi-zone,Deep Sea Authority Engine,,,,Original repository-generated media created for this project,False,,True,True,2026-07-30,2026-07-30,f761b2fd037e03e308ba0603c212018095e67962749540bbb68cd7f57904c838,,what-creatures-live-in-the-deep-sea,No external recording or sampled media.
original-thumbnail-svg-09,production/thumbnails/svg/09-what-is-the-scariest-deep-sea-creature.svg,approved,thumbnail-source,multi-zone,Deep Sea Authority Engine,,,,Original repository-generated media created for this project,False,,True,True,2026-07-30,2026-07-30,1232b7a1e8bf12659c94c95be89dbce08fee5518ae28848e14001eb317f0015d,,what-is-the-scariest-deep-sea-creature,No external recording or sampled media.
original-thumbnail-png-09,production/thumbnails/png/09-what-is-the-scariest-deep-sea-creature.png,approved,thumbnail-render,multi-zone,Deep Sea Authority Engine,,,,Original repository-generated media created for this project,False,,True,True,2026-07-30,2026-07-30,d1cad1d74376ba1627b18f201e8fc3379f62297fee36f5a1d04c2ea0984b83dc,,what-is-the-scariest-deep-sea-creature,No external recording or sampled media.
original-broll-09,production/broll/original/09-what-is-the-scariest-deep-sea-creature.mp4,approved,motion-background,multi-zone,Deep Sea Authority Engine,,,,Original repository-generated media created for this project,False,,True,True,2026-07-30,2026-07-30,69a10be8dff5c972f9c93c5e404c35f9ee87e4735e91ee1803a72e2c241cfb5a,,what-is-the-scariest-deep-sea-creature,No external recording or sampled media.
original-thumbnail-svg-10,production/thumbnails/svg/10-what-is-the-deepest-part-of-the-ocean.svg,approved,thumbnail-source,multi-zone,Deep Sea Authority Engine,,,,Original repository-generated media created for this project,False,,True,True,2026-07-30,2026-07-30,a87cbdf9d8ea3f689ed0785872cb73e051d6039236fbd24dd0e451dd9a9f2ffa,,what-is-the-deepest-part-of-the-ocean,No external recording or sampled media.
original-thumbnail-png-10,production/thumbnails/png/10-what-is-the-deepest-part-of-the-ocean.png,approved,thumbnail-render,multi-zone,Deep Sea Authority Engine,,,,Original repository-generated media created for this project,False,,True,True,2026-07-30,2026-07-30,533c7fc1a067f59f969b7a2d518aa61baad56fea140d24952a75b910f084059d,,what-is-the-deepest-part-of-the-ocean,No external recording or sampled media.
original-broll-10,production/broll/original/10-what-is-the-deepest-part-of-the-ocean.mp4,approved,motion-background,multi-zone,Deep Sea Authority Engine,,,,Original repository-generated media created for this project,False,,True,True,2026-07-30,2026-07-30,651fbacef3ed9dcabc69e6f050d92f2f70652daff437095156297a251ed1af22,,what-is-the-deepest-part-of-the-ocean,No external recording or sampled media.
original-music-01,production/audio/music/ambient-01.m4a,approved,ambient-music-bed,,Deep Sea Authority Engine,,,,Original procedural synthesis generated from repository-owned FFmpeg filter recipe,False,,True,True,2026-07-30,2026-07-30,695b342c6a3d4e696697725e68f33d1c52ef18572ef2e8564f157b648945bacc,,why-deep-sea-creatures-look-so-weird|why-many-deep-sea-creatures-are-red|what-is-the-scariest-deep-sea-creature,No sampled recording.
original-music-02,production/audio/music/ambient-02.m4a,approved,ambient-music-bed,,Deep Sea Authority Engine,,,,Original procedural synthesis generated from repository-owned FFmpeg filter recipe,False,,True,True,2026-07-30,2026-07-30,54917d5a2ff38576f2bad574c4d82e80eb324c4f42cf30dd168edba4024c1477,,how-deep-sea-creatures-survive-pressure|why-some-deep-sea-creatures-are-transparent|what-is-the-deepest-part-of-the-ocean,No sampled recording.
original-music-03,production/audio/music/ambient-03.m4a,approved,ambient-music-bed,,Deep Sea Authority Engine,,,,Original procedural synthesis generated from repository-owned FFmpeg filter recipe,False,,True,True,2026-07-30,2026-07-30,a1589caf5e9300ee5b14bc5251e48c79b084ce4a4fb5bdc8dade41eddd18ec01,,why-deep-sea-creatures-are-surfacing|why-deep-sea-creatures-get-creepier-deeper,No sampled recording.
original-music-04,production/audio/music/ambient-04.m4a,approved,ambient-music-bed,,Deep Sea Authority Engine,,,,Original procedural synthesis generated from repository-owned FFmpeg filter recipe,False,,True,True,2026-07-30,2026-07-30,8e0dc9f2adf54fd7a05631e3e560fe5f8efa3623e42a5e729a86b9477e68ec1e,,why-deep-sea-creatures-are-so-scary|what-creatures-live-in-the-deep-sea,No sampled recording.
original-thumbnail-svg-11,production/thumbnails/svg/11-what-is-a-dumbo-octopus.svg,approved,thumbnail-source,multi-zone,Deep Sea Authority Engine,,,,Original repository-generated media created for this project,False,,True,True,2026-07-30,2026-07-30,0e53d3c4d406152eb19ec04ec748b2fc71edd696617b7a00a3b70a40f86b7d0d,,what-is-a-dumbo-octopus,No external recording or sampled media.
original-thumbnail-png-11,production/thumbnails/png/11-what-is-a-dumbo-octopus.png,approved,thumbnail-render,multi-zone,Deep Sea Authority Engine,,,,Original repository-generated media created for this project,False,,True,True,2026-07-30,2026-07-30,a4736b2e0866462f3711d8aab9da8ddee372508992dd796dc060c9b95faf11a2,,what-is-a-dumbo-octopus,No external recording or sampled media.
original-broll-11,production/broll/original/11-what-is-a-dumbo-octopus.mp4,approved,motion-background,multi-zone,Deep Sea Authority Engine,,,,Original repository-generated media created for this project,False,,True,True,2026-07-30,2026-07-30,a32eed13a5e1aa06ee145be00887f03489b03df413493bc842cbc82912733314,,what-is-a-dumbo-octopus,No external recording or sampled media.
original-thumbnail-svg-12,production/thumbnails/svg/12-what-is-a-frilled-shark.svg,approved,thumbnail-source,multi-zone,Deep Sea Authority Engine,,,,Original repository-generated media created for this project,False,,True,True,2026-07-30,2026-07-30,5edc1bc664a32c404f9a6ffe2f1edb23d282236fb8516559f1766e10b078e086,,what-is-a-frilled-shark,No external recording or sampled media.
original-thumbnail-png-12,production/thumbnails/png/12-what-is-a-frilled-shark.png,approved,thumbnail-render,multi-zone,Deep Sea Authority Engine,,,,Original repository-generated media created for this project,False,,True,True,2026-07-30,2026-07-30,464d5f59b9be61b4b2a5e703f00e74d8f877350ba77113313f46058b383d2482,,what-is-a-frilled-shark,No external recording or sampled media.
original-broll-12,production/broll/original/12-what-is-a-frilled-shark.mp4,approved,motion-background,multi-zone,Deep Sea Authority Engine,,,,Original repository-generated media created for this project,False,,True,True,2026-07-30,2026-07-30,eaadac4a6048351d1d7020a83cb0dfa5e830578251a363782ca1f97dbee42377,,what-is-a-frilled-shark,No external recording or sampled media.
original-thumbnail-svg-13,production/thumbnails/svg/13-how-does-bioluminescence-work-in-the-deep-sea.svg,approved,thumbnail-source,multi-zone,Deep Sea Authority Engine,,,,Original repository-generated media created for this project,False,,True,True,2026-07-30,2026-07-30,c3dced77eb8ec8bb0a7fbdd93d61fd70a0feb1cb0a1275227948eabdc5ab8868,,how-does-bioluminescence-work-in-the-deep-sea,No external recording or sampled media.
original-thumbnail-png-13,production/thumbnails/png/13-how-does-bioluminescence-work-in-the-deep-sea.png,approved,thumbnail-render,multi-zone,Deep Sea Authority Engine,,,,Original repository-generated media created for this project,False,,True,True,2026-07-30,2026-07-30,dfab98c094775b8c3c621afefad3d3ce7285e0bc96075fc0268e6520d19987e6,,how-does-bioluminescence-work-in-the-deep-sea,No external recording or sampled media.
original-broll-13,production/broll/original/13-how-does-bioluminescence-work-in-the-deep-sea.mp4,approved,motion-background,multi-zone,Deep Sea Authority Engine,,,,Original repository-generated media created for this project,False,,True,True,2026-07-30,2026-07-30,d1f880da84070250a5d6decffea098431d32a665f917af381f8f97a83f9031c8,,how-does-bioluminescence-work-in-the-deep-sea,No external recording or sampled media.
original-thumbnail-svg-14,production/thumbnails/svg/14-how-big-is-a-colossal-squid.svg,approved,thumbnail-source,multi-zone,Deep Sea Authority Engine,,,,Original repository-generated media created for this project,False,,True,True,2026-07-30,2026-07-30,0c371e3c8ab058e6abe940b874e87c0cedfead09443c556764ec7777b587563e,,how-big-is-a-colossal-squid,No external recording or sampled media.
original-thumbnail-png-14,production/thumbnails/png/14-how-big-is-a-colossal-squid.png,approved,thumbnail-render,multi-zone,Deep Sea Authority Engine,,,,Original repository-generated media created for this project,False,,True,True,2026-07-30,2026-07-30,34869ff0d0ed6d8bb8f3486bbcb7fdfe2087fe88bfa1ecb837b2d545e36d4fce,,how-big-is-a-colossal-squid,No external recording or sampled media.
original-broll-14,production/broll/original/14-how-big-is-a-colossal-squid.mp4,approved,motion-background,multi-zone,Deep Sea Authority Engine,,,,Original repository-generated media created for this project,False,,True,True,2026-07-30,2026-07-30,aabebd93913ca9cdb57c3f5a94a22a5e51c24750cce179eaeea952277d835a6e,,how-big-is-a-colossal-squid,No external recording or sampled media.
original-thumbnail-svg-15,production/thumbnails/svg/15-how-do-people-reach-challenger-deep.svg,approved,thumbnail-source,multi-zone,Deep Sea Authority Engine,,,,Original repository-generated media created for this project,False,,True,True,2026-07-30,2026-07-30,0f4292287760c9a3498710f259c276a8716ae41c986ce8dfdeb922fe41d6afb5,,how-do-people-reach-challenger-deep,No external recording or sampled media.
original-thumbnail-png-15,production/thumbnails/png/15-how-do-people-reach-challenger-deep.png,approved,thumbnail-render,multi-zone,Deep Sea Authority Engine,,,,Original repository-generated media created for this project,False,,True,True,2026-07-30,2026-07-30,4c1588dad9a5ff40fea520b9e4747ec3841f9cc6f18fb9c570c6cfc7cc72520f,,how-do-people-reach-challenger-deep,No external recording or sampled media.
original-broll-15,production/broll/original/15-how-do-people-reach-challenger-deep.mp4,approved,motion-background,multi-zone,Deep Sea Authority Engine,,,,Original repository-generated media created for this project,False,,True,True,2026-07-30,2026-07-30,c07d05e2a4351504272509c18abf672f813b5e69e28d0cca9aa6001e313b1623,,how-do-people-reach-challenger-deep,No external recording or sampled media.
original-thumbnail-svg-16,production/thumbnails/svg/16-what-happens-when-a-whale-dies-in-the-deep-ocean.svg,approved,thumbnail-source,multi-zone,Deep Sea Authority Engine,,,,Original repository-generated media created for this project,False,,True,True,2026-07-30,2026-07-30,b54b17531975d41ea3580f8870646d9ad5c3de0c42504b8472255d49503bdf0a,,what-happens-when-a-whale-dies-in-the-deep-ocean,No external recording or sampled media.
original-thumbnail-png-16,production/thumbnails/png/16-what-happens-when-a-whale-dies-in-the-deep-ocean.png,approved,thumbnail-render,multi-zone,Deep Sea Authority Engine,,,,Original repository-generated media created for this project,False,,True,True,2026-07-30,2026-07-30,af4f5ec3ccc71475e39cd083db473c45fcb2ee3c2b3a7eca37da05b44c1be2a1,,what-happens-when-a-whale-dies-in-the-deep-ocean,No external recording or sampled media.
original-broll-16,production/broll/original/16-what-happens-when-a-whale-dies-in-the-deep-ocean.mp4,approved,motion-background,multi-zone,Deep Sea Authority Engine,,,,Original repository-generated media created for this project,False,,True,True,2026-07-30,2026-07-30,4023618b2b9d6acadea4a63e3a3c26ecd509a2111cda8365992ff8d4d7a6694d,,what-happens-when-a-whale-dies-in-the-deep-ocean,No external recording or sampled media.
original-thumbnail-svg-17,production/thumbnails/svg/17-what-is-a-yeti-crab.svg,approved,thumbnail-source,multi-zone,Deep Sea Authority Engine,,,,Original repository-generated media created for this project,False,,True,True,2026-07-30,2026-07-30,8137f93e89fcc8e906444d1f23132591d5e87bb20c4643ff078bc0422b98e134,,what-is-a-yeti-crab,No external recording or sampled media.
original-thumbnail-png-17,production/thumbnails/png/17-what-is-a-yeti-crab.png,approved,thumbnail-render,multi-zone,Deep Sea Authority Engine,,,,Original repository-generated media created for this project,False,,True,True,2026-07-30,2026-07-30,81357c99ebfa6dc9e43e73e1010ba1e4bda4555aba7810f5784b148839e2a86f,,what-is-a-yeti-crab,No external recording or sampled media.
original-broll-17,production/broll/original/17-what-is-a-yeti-crab.mp4,approved,motion-background,multi-zone,Deep Sea Authority Engine,,,,Original repository-generated media created for this project,False,,True,True,2026-07-30,2026-07-30,49ee0b21a5db98c05b5e109b6dee01e75d029fdc4f3a2a6ebc2b8b9603493b5c,,what-is-a-yeti-crab,No external recording or sampled media.
original-thumbnail-svg-18,production/thumbnails/svg/18-why-does-black-smoker-water-not-boil.svg,approved,thumbnail-source,multi-zone,Deep Sea Authority Engine,,,,Original repository-generated media created for this project,False,,True,True,2026-07-30,2026-07-30,58c6c4a786a7a65af11d850d03e649f6fce82ceb6e0456da25bcabc7ddab0751,,why-does-black-smoker-water-not-boil,No external recording or sampled media.
original-thumbnail-png-18,production/thumbnails/png/18-why-does-black-smoker-water-not-boil.png,approved,thumbnail-render,multi-zone,Deep Sea Authority Engine,,,,Original repository-generated media created for this project,False,,True,True,2026-07-30,2026-07-30,228a5ab650b24a6461e7bbf277760939a854880dec2aa4b30581fbf039df59e6,,why-does-black-smoker-water-not-boil,No external recording or sampled media.
original-broll-18,production/broll/original/18-why-does-black-smoker-water-not-boil.mp4,approved,motion-background,multi-zone,Deep Sea Authority Engine,,,,Original repository-generated media created for this project,False,,True,True,2026-07-30,2026-07-30,365805ddea8cb085c1311cf0cdf4ed50c2eb3fbcd215dfcc84264dc7fb991944,,why-does-black-smoker-water-not-boil,No external recording or sampled media.
original-thumbnail-svg-19,production/thumbnails/svg/19-what-is-the-deepest-fish-ever-recorded.svg,approved,thumbnail-source,multi-zone,Deep Sea Authority Engine,,,,Original repository-generated media created for this project,False,,True,True,2026-07-30,2026-07-30,8428812929f1f086a0bd805d9930c23fa06b8a04e6351c9a6e746077d0618179,,what-is-the-deepest-fish-ever-recorded,No external recording or sampled media.
original-thumbnail-png-19,production/thumbnails/png/19-what-is-the-deepest-fish-ever-recorded.png,approved,thumbnail-render,multi-zone,Deep Sea Authority Engine,,,,Original repository-generated media created for this project,False,,True,True,2026-07-30,2026-07-30,37234fbe5669abbd318c9aa7cf2ec209f03c0da7120ca9b9d2464201a68cd39e,,what-is-the-deepest-fish-ever-recorded,No external recording or sampled media.
original-broll-19,production/broll/original/19-what-is-the-deepest-fish-ever-recorded.mp4,approved,motion-background,multi-zone,Deep Sea Authority Engine,,,,Original repository-generated media created for this project,False,,True,True,2026-07-30,2026-07-30,a768f8b403851926bc48a0a3678cd151698a463640376d2279181d2758a4f802,,what-is-the-deepest-fish-ever-recorded,No external recording or sampled media.
original-thumbnail-svg-20,production/thumbnails/svg/20-what-is-the-midnight-zone.svg,approved,thumbnail-source,multi-zone,Deep Sea Authority Engine,,,,Original repository-generated media created for this project,False,,True,True,2026-07-30,2026-07-30,d2eaf3381f0c336758ba4bdb102c41616802d8fe3f5402914b18e8e54a68d738,,what-is-the-midnight-zone,No external recording or sampled media.
original-thumbnail-png-20,production/thumbnails/png/20-what-is-the-midnight-zone.png,approved,thumbnail-render,multi-zone,Deep Sea Authority Engine,,,,Original repository-generated media created for this project,False,,True,True,2026-07-30,2026-07-30,525c7176e2733efdbe45ca0aa9e5dac87d08330c507c4797a6eca90dbad16469,,what-is-the-midnight-zone,No external recording or sampled media.
original-broll-20,production/broll/original/20-what-is-the-midnight-zone.mp4,approved,motion-background,multi-zone,Deep Sea Authority Engine,,,,Original repository-generated media created for this project,False,,True,True,2026-07-30,2026-07-30,eb7db2cdbd3e48f74d7dee5f1af40c95430d4d8b71114d9f8fe28db9d3d59f1a,,what-is-the-midnight-zone,No external recording or sampled media.
